response_id,q1,q2,q3,q4,q5,q6,q7,q8,q9,q10
2148,1770,1728,1733,1740,1723,1739,1714,1769,1715,1713
3128,1770,1728,1733,1740,1723,1739,1714,1769,1715,1713
2307,1770,1728,1733,1740,1723,1739,1714,1769,1715,1713
2785,1819,1850,1833,1855,1834,1820,1806,1842,1813,1839
2883,1770,1728,1733,1740,1723,1739,1714,1769,1715,1713
2663,1819,1850,1833,1845,1834,1867,1813,1820,1855,1808
2453,1770,1728,1733,1740,1723,1739,1714,1769,1715,1713
2830,1819,1850,1833,1845,1834,1867,1848,1808,1813,1820
2315,1819,1841,1845,1845,1833,1820,1855,1850,1806,1842
2683,1770,1728,1733,1740,1723,1739,1714,1769,1715,1713
2164,1770,1728,1733,1740,1723,1739,1714,1769,1715,1713
3131,1819,1850,1833,1855,1806,1842,1820,1813,1818,1839
2429,1819,1841,1845,1833,1820,1834,1867,1813,1808,1848
2906,1819,1850,1833,1855,1834,1820,1806,1842,1813,1839
3179,1770,1728,1733,1740,1723,1739,1714,1769,1715,1713
2617,1819,1841,1845,1810,1821,1811,1867,1864,1840,1859
3090,1770,1728,1733,1740,1723,1739,1714,1769,1715,1713
2771,1819,1850,1842,1856,1806,1855,1833,1818,1820,1839
2455,1770,1728,1733,1740,1723,1739,1714,1769,1715,1713
2386,1819,1841,1845,1833,1867,1810,1848,1808,1840,1834
2379,1770,1728,1733,1740,1723,1739,1714,1769,1715,1713
2519,1819,1850,1842,1833,1806,1855,1834,1845,1813,1867
2651,1819,1850,1833,1845,1834,1867,1813,1808,1820,1855
2302,1819,1841,1845,1810,1867,1840,1811,1859,1864,1821
2885,1770,1728,1733,1740,1723,1739,1714,1769,1715,1713
3117,1770,1728,1733,1740,1723,1739,1714,1769,1715,1713
2166,1770,1728,1733,1740,1723,1739,1714,1769,1715,1713
3150,1819,1841,1845,1810,1867,1840,1848,1808,1834,1859
2884,1819,1850,1842,1856,1806,1852,1855,1857,1868,1818
2556,1819,1850,1833,1845,1834,1867,1848,1808,1813,1840
2657,1819,1850,1833,1855,1806,1820,1834,1845,1867,1848
3027,1819,1850,1833,1845,1834,1867,1813,1820,1855,1808
3112,1770,1728,1733,1740,1723,1739,1714,1769,1715,1713
2309,1819,1841,1845,1810,1867,1848,1834,1808,1813,1833
2595,1819,1850,1842,1856,1806,1855,1818,1852,1833,1820
2847,1819,1850,1842,1856,1806,1833,1855,1820,1818,1839
2393,1770,1728,1733,1740,1723,1739,1714,1769,1715,1713
2351,1770,1728,1733,1740,1723,1739,1714,1769,1715,1713
2473,1770,1728,1733,1740,1723,1739,1714,1769,1715,1713
3091,1770,1728,1733,1740,1723,1739,1714,1769,1715,1713
2548,1819,1841,1821,1810,1845,1811,1864,1823,1859,1840
2224,1770,1728,1733,1740,1723,1739,1714,1769,1715,1713
2536,1770,1728,1733,1740,1723,1739,1714,1769,1715,1713
2927,1770,1728,1733,1740,1723,1739,1714,1769,1715,1713
2467,1770,1728,1733,1740,1723,1739,1714,1769,1715,1713
2834,1819,1841,1845,1833,1820,1855,1834,1813,1867,1806
3092,1819,1850,1833,1855,1806,1842,1856,1820,1813,1834
2652,1819,1850,1842,1856,1806,1855,1818,1833,1820,1839
2529,1770,1728,1733,1740,1723,1739,1714,1769,1715,1713
2959,1770,1728,1733,1740,1723,1739,1714,1769,1715,1713
2254,1819,1841,1845,1810,1867,1848,1834,1808,1840,1859
2305,1819,1841,1821,1810,1823,1864,1811,1845,1859,1840
3098,1819,1850,1833,1845,1867,1841,1810,1848,1808,1840
2921,1770,1728,1733,1740,1723,1739,1714,1769,1715,1713
3012,1819,1841,1845,1810,1867,1840,1811,1859,1848,1808
2425,1819,1841,1845,1833,1867,1834,1848,1813,1808,1820
2347,1770,1728,1733,1740,1723,1739,1714,1769,1715,1713
3081,1819,1850,1842,1833,1806,1855,1820,1813,1818,1834
2794,1819,1850,1833,1845,1834,1867,1848,1810,1840,1808
2152,1819,1841,1845,1810,1867,1848,1840,1859,1811,1864
2161,1819,1850,1833,1845,1834,1867,1813,1820,1855,1806
3146,1770,1728,1733,1740,1723,1739,1714,1769,1715,1713
2798,1819,1850,1842,1856,1806,1855,1818,1833,1820,1839
2573,1770,1728,1733,1740,1723,1739,1714,1769,1715,1713
3145,1770,1728,1733,1740,1723,1739,1714,1769,1715,1713
2340,1819,1850,1833,1845,1834,1820,1813,1855,1867,1806
2851,1770,1728,1733,1740,1723,1739,1714,1769,1715,1713
3161,1819,1850,1833,1845,1867,1841,1810,1821,1864,1811
2812,1819,1850,1842,1856,1806,1833,1820,1834,1813,1845
2465,1819,1841,1821,1810,1823,1864,1811,1859,1804,1840
2912,1770,1728,1733,1740,1723,1739,1714,1769,1715,1713
2457,1819,1850,1842,1856,1806,1855,1818,1852,1833,1830
2995,1770,1728,1733,1740,1723,1739,1714,1769,1715,1713
2968,1770,1728,1733,1740,1723,1739,1714,1769,1715,1713
2819,1770,1728,1733,1740,1723,1739,1714,1769,1715,1713
2631,1819,1841,1845,1810,1867,1840,1848,1808,1859,1861
2811,1770,1728,1733,1740,1723,1739,1714,1769,1715,1713
2816,1819,1841,1845,1833,1820,1834,1813,1867,1855,1808
2889,1770,1728,1733,1740,1723,1739,1714,1769,1715,1713
2202,1770,1728,1733,1740,1723,1739,1714,1769,1715,1713
3031,1819,1850,1833,1855,1806,1820,1834,1842,1813,1839
2342,1819,1841,1845,1810,1867,1840,1811,1859,1848,1808
2468,1770,1728,1733,1740,1723,1739,1714,1769,1715,1713
3180,1819,1850,1833,1845,1834,1820,1855,1806,1842,1813
3064,1770,1728,1733,1740,1723,1739,1714,1769,1715,1713
2545,1770,1728,1733,1740,1723,1739,1714,1769,1715,1713
2964,1819,1841,1845,1810,1867,1840,1811,1859,1848,1808
3005,1819,1850,1833,1845,1834,1867,1813,1820,1855,1806
2215,1819,1841,1845,1833,1867,1834,1848,1813,1820,1808
3058,1770,1728,1733,1740,1723,1739,1714,1769,1715,1713
2354,1770,1728,1733,1740,1723,1739,1714,1769,1715,1713
3173,1819,1841,1845,1833,1867,1834,1848,1813,1808,1820
2823,1770,1728,1733,1740,1723,1739,1714,1769,1715,1713
2781,1770,1728,1733,1740,1723,1739,1714,1769,1715,1713
2859,1819,1841,1845,1833,1820,1834,1813,1855,1867,1806
2942,1770,1728,1733,1740,1723,1739,1714,1769,1715,1713
2511,1819,1850,1842,1833,1806,1855,1856,1818,1852,1857
2611,1770,1728,1733,1740,1723,1739,1714,1769,1715,1713
2700,1819,1850,1842,1833,1834,1820,1855,1813,1806,1839
3170,1819,1850,1833,1855,1834,1845,1867,1810,1841,1811
2226,1819,1850,1842,1833,1834,1820,1813,1855,1806,1839
2240,1819,1850,1833,1855,1806,1820,1834,1842,1813,1839
2264,1770,1728,1733,1740,1723,1739,1714,1769,1715,1713
2894,1770,1728,1733,1740,1723,1739,1714,1769,1715,1713
2710,1770,1728,1733,1740,1723,1739,1714,1769,1715,1713
3135,1770,1728,1733,1740,1723,1739,1714,1769,1715,1713
2845,1770,1728,1733,1740,1723,1739,1739,1714,1769,1715
2464,1770,1728,1733,1740,1723,1739,1714,1769,1715,1713
2609,1770,1728,1733,1740,1723,1739,1714,1769,1715,1713
3043,1819,1841,1845,1833,1820,1834,1867,1813,1808,1848
2399,1770,1728,1733,1740,1723,1739,1714,1769,1715,1713
2815,1819,1841,1845,1810,1821,1811,1867,1864,1840,1859
2277,1770,1728,1733,1740,1723,1739,1714,1769,1715,1713
2687,1819,1850,1842,1833,1806,1806,1855,1834,1820,1813
3001,1819,1841,1845,1833,1867,1834,1848,1840,1808,1813
2247,1770,1728,1733,1740,1723,1739,1714,1769,1715,1713
2535,1819,1850,1842,1833,1806,1855,1820,1813,1818,1839
3014,1819,1841,1845,1833,1820,1834,1867,1813,1808,1848
2817,1819,1850,1833,1845,1834,1867,1813,1808,1848,1820
2881,1770,1728,1733,1740,1723,1739,1714,1769,1715,1713
2688,1770,1728,1733,1740,1723,1739,1714,1769,1715,1713
2410,1819,1841,1845,1810,1821,1823,1865,1864,1811,1844
2696,1819,1841,1845,1810,1821,1811,1867,1840,1848,1808
2256,1819,1850,1842,1833,1834,1820,1813,1855,1806,1839
2270,1819,1841,1821,1810,1823,1864,1811,1859,1840,1804
2753,1819,1850,1833,1855,1806,1842,1820,1834,1813,1839
2492,1770,1728,1733,1740,1723,1739,1714,1769,1715,1713
2259,1770,1728,1733,1740,1723,1739,1714,1769,1715,1713
3088,1819,1850,1833,1845,1867,1841,1810,1840,1811,1864
2439,1819,1850,1833,1855,1834,1845,1813,1867,1848,1808
2880,1819,1850,1842,1833,1834,1820,1855,1813,1806,1839
2735,1819,1841,1845,1810,1821,1811,1867,1864,1840,1859
2249,1819,1841,1845,1833,1867,1810,1848,1808,1834,1813
2434,1770,1728,1733,1740,1723,1739,1714,1769,1715,1713
2678,1770,1728,1733,1740,1723,1739,1714,1769,1715,1713
3119,1770,1728,1733,1740,1723,1739,1714,1769,1715,1713
2409,1819,1841,1821,1865,1823,1810,1811,1864,1845,1859
2154,1819,1841,1845,1810,1867,1848,1840,1808,1834,1813
2506,1770,1728,1733,1740,1723,1739,1714,1769,1715,1713
2654,1819,1841,1821,1810,1845,1867,1848,1834,1833,1813
2222,1819,1850,1842,1833,1806,1855,1820,1813,1818,1839
2194,1819,1841,1845,1833,1867,1810,1848,1840,1859,1811
2337,1770,1728,1733,1740,1723,1739,1714,1769,1715,1713
2198,1819,1850,1833,1845,1867,1841,1810,1821,1864,1811
2284,1819,1841,1845,1833,1867,1810,1848,1808,1834,1813
2364,1770,1728,1733,1740,1723,1739,1714,1769,1715,1713
2355,1770,1728,1733,1740,1723,1739,1714,1769,1715,1713
2415,1770,1728,1733,1740,1723,1739,1714,1769,1715,1713
2177,1770,1728,1733,1740,1723,1739,1714,1769,1715,1713
2805,1770,1728,1733,1740,1723,1739,1714,1769,1715,1713
2721,1770,1728,1733,1740,1723,1739,1714,1769,1715,1713
2568,1819,1850,1833,1855,1834,1820,1813,1806,1839,1842
2734,1819,1841,1845,1833,1820,1855,1834,1813,1867,1806
2361,1819,1841,1845,1810,1821,1811,1867,1840,1848,1859
2437,1770,1728,1733,1740,1723,1739,1714,1769,1715,1713
3076,1770,1728,1733,1740,1723,1739,1714,1769,1715,1713
3038,1819,1850,1842,1856,1806,1855,1818,1852,1833,1830
2308,1770,1728,1733,1740,1723,1739,1714,1769,1715,1713
3100,1770,1728,1733,1740,1723,1739,1714,1769,1715,1713
2928,1770,1728,1733,1740,1723,1739,1714,1769,1715,1713
2626,1819,1850,1833,1855,1806,1820,1834,1813,1839,1842
3160,1770,1728,1733,1740,1723,1739,1714,1769,1715,1713
2711,1819,1850,1842,1856,1806,1855,1818,1852,1833,1830
3182,1819,1841,1845,1810,1821,1823,1864,1811,1859,1804
2784,1770,1728,1733,1740,1723,1739,1714,1769,1715,1713
3017,1819,1850,1833,1855,1806,1820,1834,1813,1845,1867
2913,1770,1728,1733,1740,1723,1739,1714,1769,1715,1713
2814,1819,1841,1821,1810,1845,1811,1840,1867,1848,1808
3025,1770,1728,1733,1740,1723,1739,1714,1769,1715,1713
2676,1819,1841,1821,1810,1845,1867,1848,1834,1808,1840
3133,1770,1728,1733,1740,1723,1739,1714,1769,1715,1713
2962,1819,1850,1833,1845,1834,1820,1855,1813,1806,1839
3010,1819,1850,1842,1856,1806,1855,1833,1820,1818,1839
3044,1770,1728,1733,1740,1723,1739,1714,1769,1715,1713
2761,1819,1850,1833,1845,1834,1820,1813,1855,1867,1808
2490,1819,1841,1845,1810,1821,1811,1867,1864,1840,1859
2635,1770,1728,1733,1740,1723,1739,1714,1769,1715,1713
2790,1819,1850,1842,1856,1806,1855,1818,1852,1857,1868
2792,1770,1728,1733,1740,1723,1739,1714,1769,1715,1713
2864,1770,1728,1733,1740,1723,1739,1714,1769,1715,1713
2797,1770,1728,1733,1740,1723,1739,1714,1769,1715,1713
2281,1770,1728,1733,1740,1723,1739,1714,1769,1715,1713
2643,1770,1728,1733,1740,1723,1739,1714,1769,1715,1713
3029,1819,1850,1833,1855,1806,1842,1856,1820,1818,1839
2925,1770,1728,1733,1740,1723,1739,1714,1769,1715,1713
2279,1819,1850,1842,1856,1806,1855,1833,1820,1818,1839
2988,1819,1841,1845,1810,1867,1848,1840,1808,1859,1834
2766,1770,1728,1733,1740,1723,1739,1714,1769,1715,1713
2691,1770,1728,1733,1740,1723,1739,1714,1769,1715,1713
2686,1770,1728,1733,1740,1723,1739,1714,1769,1715,1713
2388,1819,1850,1833,1855,1806,1820,1834,1845,1813,1867
2789,1819,1841,1845,1810,1821,1811,1867,1864,1859,1823
2582,1770,1728,1733,1740,1723,1739,1714,1769,1715,1713
3126,1819,1850,1833,1855,1806,1820,1834,1842,1813,1818
2487,1770,1728,1733,1740,1723,1739,1714,1769,1715,1713
2288,1770,1728,1733,1740,1723,1739,1714,1769,1715,1713
2540,1770,1728,1733,1740,1723,1739,1714,1769,1715,1713
2287,1770,1728,1733,1740,1723,1739,1714,1769,1715,1713
3082,1819,1850,1842,1833,1834,1820,1813,1845,1867,1855
2923,1819,1841,1821,1810,1845,1867,1848,1834,1808,1813
2672,1770,1728,1733,1740,1723,1739,1714,1769,1715,1713
3086,1819,1841,1845,1833,1820,1834,1813,1855,1867,1806
2542,1770,1728,1733,1740,1723,1739,1714,1769,1715,1713
2699,1819,1841,1821,1810,1845,1811,1840,1864,1859,1804
2704,1819,1850,1842,1856,1806,1852,1855,1833,1818,1820
2649,1819,1850,1842,1856,1806,1852,1857,1868,1818,1855
2278,1770,1728,1733,1740,1723,1739,1714,1769,1715,1713
2782,1819,1850,1842,1856,1806,1855,1833,1820,1818,1839
2616,1770,1728,1733,1740,1723,1739,1714,1769,1715,1713
2430,1819,1841,1821,1810,1845,1811,1864,1823,1859,1804
2244,1770,1728,1733,1740,1723,1739,1714,1769,1715,1713
2230,1770,1728,1733,1740,1723,1739,1714,1769,1715,1713
2477,1819,1841,1845,1833,1867,1810,1840,1859,1848,1808
2767,1819,1841,1845,1833,1820,1834,1813,1867,1855,1808
2268,1819,1841,1821,1865,1823,1844,1863,1824,1864,1811
2505,1819,1850,1842,1833,1806,1855,1820,1813,1818,1839
2940,1819,1841,1845,1833,1867,1810,1848,1808,1840,1834
3153,1770,1728,1733,1740,1723,1739,1714,1769,1715,1713
2994,1770,1728,1733,1740,1723,1739,1714,1769,1715,1713
3073,1819,1850,1842,1833,1806,1855,1820,1813,1818,1839
3115,1819,1850,1842,1833,1806,1855,1856,1820,1818,1839
2203,1819,1850,1833,1855,1834,1820,1813,1845,1867,1806
3151,1770,1728,1733,1740,1723,1739,1714,1769,1715,1713
2634,1770,1728,1733,1740,1723,1739,1714,1769,1715,1713
2419,1819,1850,1842,1833,1806,1855,1856,1820,1818,1839
2589,1770,1728,1733,1740,1723,1739,1714,1769,1715,1713
2303,1819,1841,1845,1810,1867,1848,1834,1808,1813,1833
2267,1770,1728,1733,1740,1723,1739,1714,1769,1715,1713
2901,1770,1728,1733,1740,1723,1739,1714,1769,1715,1713
2727,1819,1850,1833,1845,1834,1867,1813,1808,1820,1855
3108,1819,1850,1833,1855,1834,1845,1867,1813,1848,1808
2508,1819,1850,1842,1856,1806,1855,1833,1820,1818,1839
2366,1770,1728,1733,1740,1723,1739,1714,1769,1715,1713
3047,1819,1841,1845,1833,1867,1834,1813,1820,1855,1806
2504,1819,1841,1845,1833,1820,1834,1867,1813,1808,1848
2489,1819,1850,1842,1856,1806,1855,1818,1852,1833,1830
2599,1819,1850,1842,1856,1806,1855,1818,1833,1820,1813
2715,1770,1728,1733,1740,1723,1739,1714,1769,1715,1713
2408,1819,1841,1845,1810,1821,1811,1864,1859,1840,1867
3163,1819,1850,1842,1856,1806,1833,1855,1820,1813,1834
2607,1819,1841,1845,1810,1867,1848,1834,1808,1840,1859
2562,1770,1728,1733,1740,1723,1739,1714,1769,1715,1713
2552,1819,1850,1833,1855,1806,1842,1820,1834,1813,1839
2890,1770,1728,1770,1733,1740,1723,1739,1714,1733,1769
2596,1770,1728,1733,1740,1723,1739,1714,1769,1715,1713
2432,1819,1850,1833,1855,1806,1820,1834,1842,1813,1839
2791,1770,1728,1733,1740,1723,1739,1714,1769,1715,1713
2858,1819,1841,1845,1810,1867,1840,1848,1859,1808,1811
2872,1819,1850,1842,1856,1806,1833,1855,1820,1813,1834
2887,1819,1850,1842,1856,1806,1855,1818,1852,1857,1830
2510,1770,1728,1733,1740,1723,1739,1714,1769,1715,1713
2431,1770,1728,1733,1740,1723,1739,1714,1769,1715,1713
2604,1770,1728,1733,1740,1723,1739,1714,1769,1715,1713
2932,1819,1850,1833,1855,1806,1842,1856,1820,1818,1839
2451,1819,1841,1845,1833,1867,1810,1840,1859,1811,1848
3045,1770,1728,1733,1740,1723,1739,1714,1769,1715,1713
2527,1770,1728,1733,1740,1723,1739,1714,1769,1715,1713
3167,1819,1841,1845,1833,1867,1810,1848,1840,1808,1834
2669,1819,1841,1845,1833,1867,1810,1840,1859,1848,1808
2891,1819,1850,1842,1833,1806,1855,1856,1820,1818,1839
3080,1770,1728,1733,1740,1723,1739,1714,1769,1715,1713
2796,1819,1850,1833,1855,1806,1842,1856,1818,1852,1820
2461,1819,1841,1821,1865,1823,1810,1864,1811,1844,1863
2394,1819,1850,1842,1856,1806,1852,1855,1857,1868,1830
2376,1770,1728,1733,1740,1723,1739,1714,1769,1715,1713
2779,1819,1841,1845,1810,1867,1848,1840,1808,1859,1811
2984,1819,1841,1821,1810,1845,1811,1864,1859,1840,1804
2998,1770,1728,1733,1740,1723,1739,1714,1769,1715,1713
2624,1770,1728,1733,1740,1723,1739,1714,1769,1715,1713
2866,1819,1850,1833,1855,1834,1845,1813,1867,1820,1806
2633,1770,1728,1733,1740,1723,1739,1714,1769,1715,1713
2567,1770,1728,1733,1740,1723,1739,1714,1769,1715,1713
2537,1770,1728,1733,1740,1723,1739,1714,1769,1715,1713
2697,1819,1850,1842,1856,1806,1833,1855,1820,1834,1813
2936,1819,1850,1833,1845,1867,1848,1834,1808,1813,1820
2328,1819,1841,1845,1810,1867,1840,1848,1808,1859,1861
2586,1770,1728,1733,1740,1723,1739,1714,1769,1715,1713
2680,1770,1728,1733,1740,1723,1739,1714,1769,1715,1713
2694,1770,1728,1733,1740,1723,1739,1714,1769,1715,1713
2828,1770,1728,1733,1740,1723,1739,1714,1769,1715,1713
2857,1770,1728,1733,1740,1723,1739,1714,1769,1715,1713
2808,1819,1850,1842,1833,1834,1820,1855,1806,1813,1839
2436,1770,1728,1733,1740,1723,1739,1714,1769,1715,1713
2325,1770,1728,1733,1740,1723,1739,1714,1769,1715,1713
2576,1819,1850,1842,1856,1806,1852,1855,1857,1868,1830
3140,1770,1728,1733,1740,1723,1739,1714,1769,1715,1713
2225,1819,1850,1842,1833,1806,1855,1856,1820,1813,1834
2712,1819,1841,1845,1833,1867,1834,1848,1813,1808,1840
2659,1819,1841,1845,1833,1867,1834,1813,1820,1808,1848
2804,1770,1728,1733,1740,1723,1739,1714,1769,1715,1713
2615,1819,1850,1842,1856,1806,1855,1818,1833,1820,1839
2803,1819,1841,1845,1833,1820,1855,1834,1813,1850,1806
2521,1819,1841,1845,1833,1867,1810,1848,1808,1840,1859
2868,1770,1728,1733,1740,1723,1739,1714,1769,1715,1713
2646,1770,1728,1733,1740,1723,1739,1714,1769,1715,1713
3006,1770,1728,1733,1740,1723,1739,1714,1769,1715,1713
2772,1819,1841,1845,1810,1867,1848,1834,1833,1813,1820
2318,1770,1728,1733,1740,1723,1739,1714,1769,1715,1713
3111,1770,1728,1733,1740,1723,1739,1714,1769,1715,1713
2832,1770,1728,1733,1740,1723,1739,1714,1769,1715,1713
2405,1770,1728,1733,1740,1723,1739,1714,1769,1715,1713
2677,1819,1850,1842,1833,1806,1855,1856,1820,1818,1839
2661,1819,1841,1845,1833,1867,1834,1848,1813,1820,1808
3093,1770,1728,1733,1740,1723,1739,1714,1769,1715,1713
2538,1819,1841,1845,1833,1867,1810,1848,1808,1834,1813
2417,1770,1728,1733,1740,1723,1739,1714,1769,1715,1713
2989,1770,1728,1733,1740,1723,1739,1714,1769,1715,1713
2950,1819,1841,1821,1810,1845,1811,1840,1867,1848,1808
2522,1770,1728,1733,1740,1723,1739,1714,1769,1715,1713
2871,1819,1850,1833,1855,1806,1820,1834,1813,1845,1867
2213,1770,1728,1733,1740,1723,1739,1714,1769,1715,1713
2531,1770,1728,1733,1740,1723,1739,1714,1769,1715,1713
2987,1819,1841,1845,1833,1867,1810,1848,1808,1834,1813
3165,1770,1728,1733,1740,1723,1739,1714,1769,1715,1713
3124,1819,1841,1845,1833,1867,1834,1813,1820,1855,1808
2236,1770,1728,1733,1740,1723,1739,1714,1769,1715,1713
3042,1770,1728,1733,1740,1723,1739,1714,1769,1715,1713
2400,1819,1841,1845,1833,1867,1834,1848,1813,1808,1820
2237,1819,1841,1845,1833,1867,1834,1813,1820,1808,1848
2239,1770,1728,1733,1740,1723,1739,1714,1769,1715,1713
2860,1770,1728,1733,1740,1723,1739,1714,1769,1715,1713
2637,1819,1841,1845,1833,1867,1834,1848,1840,1808,1810
2253,1819,1841,1821,1865,1823,1810,1864,1811,1859,1840
3105,1819,1850,1842,1856,1806,1852,1855,1857,1868,1818
2628,1770,1728,1733,1740,1723,1739,1714,1769,1715,1713
3009,1770,1728,1733,1740,1723,1739,1714,1769,1715,1713
3110,1770,1728,1733,1740,1723,1739,1714,1769,1715,1713
2843,1819,1850,1842,1856,1806,1855,1818,1852,1833,1830
2587,1819,1841,1845,1810,1867,1840,1848,1808,1834,1813
2293,1819,1841,1845,1810,1867,1848,1834,1808,1813,1840
2566,1770,1728,1733,1740,1723,1739,1714,1769,1715,1713
3056,1770,1728,1733,1740,1723,1739,1714,1769,1715,1713
2358,1770,1728,1733,1740,1723,1739,1714,1769,1715,1713
2737,1770,1728,1733,1740,1723,1739,1714,1769,1715,1713
2664,1770,1728,1733,1740,1723,1739,1714,1769,1715,1713
2565,1819,1841,1845,1833,1820,1834,1867,1848,1810,1840
2159,1819,1850,1842,1856,1806,1855,1833,1820,1818,1813
2758,1770,1728,1733,1740,1723,1739,1714,1769,1715,1713
2719,1819,1841,1845,1810,1867,1840,1811,1859,1864,1848
3154,1770,1728,1733,1740,1723,1739,1714,1769,1715,1713
2273,1770,1728,1733,1740,1723,1739,1714,1769,1715,1713
2732,1770,1728,1733,1740,1723,1739,1714,1769,1715,1713
3130,1770,1728,1733,1740,1723,1739,1714,1769,1715,1713
2610,1770,1728,1733,1740,1723,1739,1714,1769,1715,1713
3109,1819,1841,1845,1833,1867,1834,1848,1813,1820,1808
2801,1819,1841,1821,1865,1823,1810,1864,1811,1859,1804
2829,1770,1728,1733,1740,1723,1739,1714,1769,1715,1713
2591,1770,1728,1733,1740,1723,1739,1714,1769,1715,1713
2948,1770,1728,1733,1740,1723,1739,1714,1769,1715,1713
2285,1770,1728,1733,1740,1723,1739,1714,1769,1715,1713
2367,1819,1841,1845,1833,1867,1834,1848,1840,1808,1813
2668,1770,1728,1733,1740,1723,1739,1714,1769,1715,1713
2423,1819,1850,1842,1856,1806,1855,1818,1852,1833,1830
2558,1770,1728,1733,1740,1723,1739,1714,1769,1715,1713
2551,1770,1728,1733,1740,1723,1739,1714,1769,1715,1713
3035,1819,1841,1845,1810,1867,1848,1834,1833,1813,1820
3018,1819,1850,1833,1855,1834,1820,1813,1806,1845,1839
3072,1770,1728,1733,1740,1723,1739,1714,1769,1715,1713
2233,1819,1841,1845,1810,1821,1811,1864,1823,1865,1824
3004,1819,1850,1833,1845,1867,1848,1810,1808,1840,1859
2571,1819,1850,1833,1855,1806,1842,1820,1813,1834,1839
3068,1770,1728,1733,1740,1723,1739,1714,1769,1715,1713
2655,1770,1728,1733,1740,1723,1739,1714,1769,1715,1713
2299,1819,1850,1842,1856,1806,1855,1818,1852,1833,1830
2666,1819,1850,1833,1845,1834,1867,1813,1808,1848,1840
2738,1770,1728,1733,1740,1723,1739,1714,1769,1715,1713
3040,1770,1728,1733,1740,1723,1739,1714,1769,1715,1713
2670,1770,1728,1733,1740,1723,1739,1714,1769,1715,1713
2383,1819,1841,1845,1833,1867,1810,1848,1840,1808,1859
2547,1770,1728,1733,1740,1723,1739,1714,1769,1715,1713
2861,1819,1850,1842,1856,1806,1855,1818,1852,1833,1830
2365,1770,1728,1733,1740,1723,1739,1714,1769,1715,1713
3171,1819,1841,1845,1833,1867,1810,1840,1859,1848,1808
2934,1819,1850,1833,1845,1834,1820,1813,1867,1848,1808
2675,1770,1728,1733,1740,1723,1739,1714,1769,1715,1713
2580,1819,1841,1845,1810,1867,1848,1834,1808,1813,1840
2178,1819,1841,1821,1865,1823,1863,1844,1864,1811,1824
2219,1770,1728,1733,1740,1723,1739,1714,1769,1715,1713
2844,1770,1728,1733,1740,1723,1739,1714,1769,1715,1713
2507,1770,1728,1733,1740,1723,1739,1714,1769,1715,1713
2380,1770,1728,1733,1740,1723,1739,1714,1769,1715,1713
2200,1819,1850,1842,1856,1806,1852,1855,1857,1868,1818
2151,1819,1850,1833,1855,1834,1845,1867,1813,1820,1806
2146,1770,1728,1733,1740,1723,1739,1714,1769,1715,1713
2516,1819,1841,1845,1810,1867,1840,1848,1808,1859,1861
3078,1770,1728,1733,1740,1723,1739,1714,1769,1715,1713
2882,1819,1850,1833,1855,1834,1820,1806,1842,1813,1839
2192,1770,1728,1733,1740,1723,1739,1714,1769,1715,1713
3177,1770,1728,1733,1740,1723,1739,1714,1769,1715,1713
2842,1819,1841,1845,1833,1820,1855,1850,1834,1813,1867
2165,1819,1841,1845,1833,1820,1834,1867,1813,1808,1848
3122,1819,1850,1842,1856,1806,1833,1855,1820,1813,1834
2853,1770,1728,1733,1740,1723,1739,1714,1769,1715,1713
2228,1819,1850,1833,1845,1834,1867,1813,1808,1820,1855
2396,1770,1728,1733,1740,1723,1739,1714,1769,1715,1713
2689,1770,1728,1733,1740,1740,1723,1739,1714,1769,1715
2777,1819,1850,1833,1855,1806,1820,1834,1813,1813,1845
2539,1770,1728,1733,1740,1723,1739,1714,1769,1715,1713
2846,1770,1728,1733,1740,1723,1739,1714,1769,1715,1713
2263,1770,1728,1733,1740,1723,1739,1714,1769,1715,1713
2966,1819,1841,1845,1833,1867,1834,1848,1813,1808,1820
2427,1819,1841,1845,1810,1867,1840,1811,1859,1864,1848
2375,1819,1850,1842,1856,1806,1855,1818,1852,1833,1830
2970,1770,1728,1733,1740,1723,1739,1714,1769,1715,1713
2963,1819,1850,1842,1856,1806,1855,1818,1833,1820,1839
3008,1819,1841,1845,1833,1867,1834,1813,1820,1855,1806
2220,1770,1728,1733,1740,1723,1739,1714,1769,1715,1713
2731,1819,1850,1833,1845,1834,1820,1855,1813,1806,1839
2820,1819,1850,1842,1833,1806,1855,1820,1813,1834,1839
2282,1819,1850,1833,1855,1834,1820,1813,1806,1839,1845
2627,1819,1850,1833,1845,1867,1841,1810,1840,1811,1864
2584,1770,1728,1733,1740,1723,1739,1714,1769,1715,1713
2171,1770,1728,1733,1740,1723,1739,1714,1714,1769,1715
2973,1819,1850,1842,1833,1834,1820,1855,1806,1813,1839
2312,1819,1841,1845,1810,1867,1848,1840,1808,1834,1859
2800,1819,1850,1842,1856,1806,1855,1818,1852,1833,1830
2208,1819,1841,1845,1833,1867,1834,1848,1813,1808,1840
2961,1819,1841,1845,1810,1867,1848,1834,1808,1813,1840
2608,1819,1850,1833,1845,1834,1867,1848,1810,1840,1808
2345,1819,1841,1821,1810,1845,1867,1848,1840,1859,1811
2484,1819,1850,1842,1856,1806,1855,1818,1852,1857,1868
2269,1770,1728,1733,1740,1723,1739,1714,1769,1715,1713
2336,1819,1841,1845,1833,1867,1810,1840,1859,1848,1808
3013,1819,1850,1833,1845,1834,1867,1813,1808,1820,1855
2227,1819,1841,1845,1833,1867,1810,1848,1808,1840,1859
2369,1819,1850,1842,1856,1806,1852,1857,1868,1830,1818
2196,1770,1728,1733,1740,1723,1739,1714,1769,1715,1713
2503,1770,1728,1733,1740,1723,1739,1714,1769,1715,1713
2898,1819,1841,1845,1833,1867,1834,1848,1813,1808,1820
2588,1819,1850,1833,1845,1834,1867,1813,1820,1855,1808
2320,1819,1850,1842,1833,1834,1820,1813,1845,1867,1855
3162,1819,1841,1821,1865,1823,1810,1864,1811,1859,1804
2497,1819,1841,1845,1810,1821,1811,1864,1859,1840,1867
2407,1819,1850,1842,1856,1806,1855,1818,1852,1833,1830
2478,1770,1728,1733,1740,1723,1739,1714,1769,1715,1713
3142,1770,1728,1733,1740,1723,1739,1714,1769,1715,1713
2905,1770,1728,1733,1740,1723,1739,1714,1769,1715,1713
2179,1819,1841,1845,1833,1867,1810,1840,1859,1848,1808
3094,1819,1850,1842,1856,1806,1852,1855,1857,1868,1830
2739,1770,1728,1733,1740,1723,1739,1714,1769,1715,1713
2476,1770,1728,1733,1740,1723,1739,1714,1769,1715,1713
2377,1819,1850,1833,1855,1806,1842,1820,1813,1834,1839
2570,1770,1728,1733,1740,1723,1739,1714,1769,1715,1713
3149,1819,1841,1821,1865,1823,1863,1844,1824,1843,1862
2335,1770,1728,1733,1740,1723,1739,1714,1769,1715,1713
2644,1770,1728,1733,1740,1723,1739,1714,1769,1715,1713
2916,1770,1728,1733,1740,1723,1739,1714,1769,1715,1713
2306,1819,1850,1842,1833,1806,1855,1856,1818,1820,1813
3097,1770,1728,1733,1740,1723,1739,1714,1769,1715,1713
2750,1819,1841,1845,1833,1867,1810,1848,1808,1834,1813
2585,1819,1850,1842,1833,1834,1820,1813,1855,1845,1806
2730,1770,1728,1733,1740,1723,1739,1714,1769,1715,1713
2475,1819,1841,1845,1833,1867,1834,1848,1813,1808,1820
2741,1819,1850,1842,1856,1806,1852,1857,1868,1830,1818
2515,1770,1728,1733,1740,1723,1739,1714,1769,1715,1713
3039,1770,1728,1733,1740,1723,1739,1714,1769,1715,1713
3085,1770,1728,1733,1740,1723,1739,1714,1769,1715,1713
2722,1819,1841,1845,1833,1867,1834,1848,1813,1808,1820
2447,1770,1728,1733,1740,1723,1739,1714,1769,1715,1713
2216,1770,1728,1733,1740,1723,1739,1714,1769,1715,1713
2619,1819,1841,1845,1833,1867,1810,1848,1808,1834,1813
2352,1770,1728,1733,1740,1723,1739,1714,1769,1715,1713
2674,1770,1728,1733,1740,1723,1739,1714,1769,1715,1713
2479,1770,1728,1733,1740,1723,1739,1714,1769,1715,1713
3003,1819,1841,1845,1810,1821,1811,1867,1840,1848,1859
2685,1819,1850,1842,1833,1834,1820,1855,1806,1813,1839
2632,1819,1850,1842,1856,1806,1833,1855,1820,1818,1839
3026,1770,1728,1733,1740,1723,1739,1714,1769,1715,1713
2870,1770,1728,1733,1740,1723,1739,1714,1769,1715,1713
2897,1819,1841,1845,1833,1867,1834,1848,1840,1808,1813
2486,1770,1728,1733,1740,1723,1739,1714,1769,1715,1713
2954,1819,1841,1845,1810,1867,1840,1811,1859,1848,1864
2229,1770,1728,1733,1740,1723,1739,1714,1769,1715,1713
2684,1770,1728,1733,1740,1723,1739,1714,1769,1715,1713
2493,1770,1728,1733,1740,1723,1739,1714,1769,1715,1713
2182,1770,1728,1733,1740,1723,1739,1714,1769,1715,1713
2641,1770,1728,1733,1740,1723,1739,1714,1769,1715,1713
2985,1770,1728,1733,1740,1723,1739,1714,1769,1715,1713
2389,1819,1841,1845,1833,1867,1834,1848,1813,1820,1808
2480,1770,1728,1733,1740,1723,1739,1714,1769,1715,1713
3065,1770,1728,1733,1740,1723,1739,1714,1769,1715,1713
2482,1819,1841,1845,1810,1821,1811,1867,1864,1840,1859
2971,1819,1841,1845,1833,1867,1810,1848,1840,1859,1811
2462,1819,1841,1845,1833,1820,1834,1867,1813,1808,1848
2807,1770,1728,1733,1740,1723,1739,1714,1769,1715,1713
3036,1770,1728,1733,1740,1723,1739,1714,1769,1715,1713
2195,1770,1728,1733,1740,1723,1739,1714,1769,1715,1713
2301,1819,1850,1842,1856,1806,1855,1818,1852,1833,1830
2390,1819,1841,1845,1810,1867,1840,1848,1808,1859,1861
3176,1770,1728,1733,1740,1723,1739,1714,1769,1715,1713
2290,1819,1850,1842,1833,1834,1845,1813,1867,1820,1808
2960,1770,1728,1733,1740,1723,1739,1714,1769,1715,1713
2726,1770,1728,1733,1740,1723,1739,1714,1769,1715,1713
2614,1770,1728,1733,1740,1723,1739,1714,1769,1715,1713
2329,1819,1841,1845,1810,1867,1848,1840,1808,1834,1813
3143,1770,1728,1733,1740,1723,1739,1714,1769,1715,1713
2412,1819,1850,1842,1833,1834,1820,1855,1806,1813,1818
2606,1819,1841,1845,1833,1867,1834,1848,1840,1810,1859
2421,1770,1728,1733,1740,1723,1739,1714,1769,1715,1713
3134,1770,1728,1733,1740,1723,1739,1714,1769,1715,1713
2238,1819,1850,1842,1833,1834,1820,1855,1813,1845,1867
2370,1819,1850,1833,1855,1806,1842,1856,1818,1820,1839
2442,1770,1728,1733,1740,1723,1739,1714,1769,1715,1713
3051,1770,1728,1733,1740,1723,1739,1714,1769,1715,1713
2991,1819,1850,1833,1855,1806,1842,1820,1813,1834,1839
2331,1770,1728,1733,1740,1723,1739,1714,1769,1715,1713
2867,1770,1728,1733,1740,1723,1739,1714,1769,1715,1713
2780,1819,1850,1842,1856,1806,1855,1818,1852,1833,1830
2773,1819,1850,1842,1833,1806,1855,1856,1820,1818,1839
3114,1819,1841,1845,1833,1867,1810,1848,1808,1840,1834
2176,1819,1850,1833,1855,1806,1820,1834,1842,1813,1818
2384,1770,1728,1733,1740,1723,1739,1714,1769,1715,1713
3113,1819,1850,1842,1856,1806,1855,1818,1852,1833,1830
3152,1819,1850,1842,1856,1806,1852,1855,1857,1818,1830
2144,1819,1841,1821,1810,1845,1867,1848,1840,1808,1859
2613,1819,1841,1845,1810,1867,1848,1834,1808,1813,1833
2770,1770,1728,1733,1740,1723,1739,1714,1769,1715,1713
2786,1819,1850,1842,1833,1834,1820,1813,1855,1845,1806
3046,1819,1841,1845,1810,1821,1811,1811,1864,1859,1840
2199,1819,1850,1842,1856,1806,1833,1855,1820,1818,1839
2578,1819,1850,1842,1856,1806,1855,1818,1852,1857,1868
2673,1770,1728,1733,1740,1723,1739,1714,1769,1715,1713
2933,1770,1728,1733,1740,1723,1739,1714,1769,1715,1713
2874,1819,1841,1821,1810,1823,1864,1811,1845,1859,1840
3055,1770,1728,1733,1740,1723,1739,1714,1769,1715,1713
2211,1770,1728,1733,1740,1723,1739,1714,1769,1715,1713
2575,1819,1841,1845,1833,1867,1810,1848,1808,1834,1813
2316,1770,1728,1733,1740,1723,1739,1714,1769,1715,1713
3024,1819,1850,1833,1855,1834,1820,1813,1806,1845,1867
2778,1770,1728,1733,1740,1723,1739,1714,1769,1715,1713
2201,1770,1728,1733,1740,1723,1739,1714,1769,1715,1713
2795,1770,1728,1733,1740,1723,1739,1714,1769,1715,1713
2223,1770,1728,1733,1740,1723,1739,1714,1769,1715,1713
2831,1819,1850,1842,1833,1806,1855,1820,1813,1818,1839
2186,1819,1850,1833,1855,1834,1820,1806,1813,1839,1842
2825,1770,1728,1733,1740,1723,1739,1714,1769,1715,1713
2597,1819,1850,1842,1856,1806,1855,1818,1833,1820,1839
2156,1770,1728,1733,1740,1723,1739,1714,1769,1715,1713
2918,1819,1850,1833,1855,1834,1820,1806,1842,1813,1839
2824,1819,1841,1821,1810,1845,1811,1840,1864,1864,1859
2692,1819,1850,1842,1833,1834,1820,1813,1855,1845,1806
2908,1819,1841,1845,1833,1867,1810,1848,1808,1840,1834
3116,1819,1850,1842,1833,1806,1855,1820,1813,1818,1839
2581,1770,1728,1733,1740,1723,1739,1714,1769,1715,1713
2210,1770,1728,1733,1740,1723,1739,1714,1769,1715,1713
2662,1770,1728,1733,1740,1723,1739,1714,1769,1715,1713
3089,1819,1850,1842,1856,1806,1852,1855,1857,1868,1830
2454,1770,1728,1733,1740,1723,1739,1714,1769,1715,1713
2374,1770,1728,1733,1740,1723,1739,1714,1769,1715,1713
3096,1770,1728,1733,1740,1723,1739,1714,1769,1715,1713
2603,1819,1850,1842,1856,1806,1852,1857,1868,1830,1818
2526,1819,1841,1845,1833,1867,1834,1848,1840,1810,1859
2172,1770,1728,1733,1740,1723,1739,1714,1769,1715,1713
2701,1819,1850,1842,1856,1806,1855,1818,1852,1833,1830
2748,1819,1841,1845,1810,1867,1848,1840,1808,1834,1859
2149,1770,1728,1733,1740,1723,1739,1714,1769,1715,1713
2246,1770,1728,1733,1740,1723,1739,1714,1769,1715,1713
2452,1819,1850,1833,1845,1834,1867,1848,1810,1841,1840
2549,1770,1728,1733,1740,1723,1739,1714,1769,1715,1713
2756,1819,1841,1845,1833,1867,1810,1848,1840,1808,1859
2261,1770,1728,1733,1740,1723,1739,1714,1769,1715,1713
2902,1819,1841,1845,1810,1867,1848,1834,1833,1813,1808
2620,1770,1728,1733,1740,1723,1739,1714,1769,1715,1713
2300,1819,1850,1833,1845,1834,1820,1855,1806,1813,1867
3032,1770,1728,1733,1740,1723,1739,1714,1769,1715,1713
2774,1770,1728,1733,1740,1723,1739,1714,1769,1715,1713
2359,1770,1728,1733,1740,1723,1739,1714,1769,1715,1713
2593,1770,1728,1733,1740,1723,1739,1714,1769,1715,1713
2188,1819,1841,1845,1810,1821,1811,1867,1864,1840,1859
2577,1770,1728,1733,1740,1723,1739,1714,1769,1715,1713
2755,1770,1728,1733,1740,1723,1739,1714,1769,1715,1713
2169,1819,1841,1845,1833,1820,1834,1867,1848,1808,1840
2955,1819,1841,1821,1865,1823,1863,1844,1824,1843,1862
2754,1819,1841,1845,1833,1867,1834,1848,1840,1810,1859
2471,1770,1728,1733,1740,1723,1739,1714,1769,1715,1713
2886,1819,1850,1842,1833,1806,1855,1820,1834,1813,1839
3157,1770,1728,1733,1740,1723,1739,1714,1769,1715,1713
3049,1819,1850,1842,1856,1806,1855,1818,1852,1833,1830
2709,1770,1728,1733,1740,1723,1739,1714,1769,1715,1713
2283,1770,1728,1733,1740,1723,1739,1714,1769,1715,1713
2941,1770,1728,1733,1740,1723,1739,1714,1769,1715,1713
2381,1770,1728,1733,1740,1723,1739,1714,1769,1715,1713
2357,1770,1728,1733,1740,1723,1739,1714,1769,1715,1713
2450,1819,1841,1821,1865,1823,1863,1844,1864,1811,1824
2496,1819,1841,1821,1810,1823,1864,1811,1845,1859,1840
3054,1770,1728,1733,1740,1723,1739,1714,1769,1715,1713
2175,1770,1728,1733,1740,1723,1739,1714,1769,1715,1713
2356,1819,1850,1842,1856,1806,1833,1855,1820,1818,1839
2679,1770,1728,1733,1740,1723,1739,1714,1769,1715,1713
3159,1819,1841,1845,1810,1867,1840,1848,1808,1859,1811
2162,1819,1850,1833,1845,1834,1820,1813,1855,1867,1806
2640,1770,1728,1733,1740,1723,1739,1714,1769,1715,1713
2311,1770,1728,1733,1740,1723,1739,1714,1769,1715,1713
3158,1770,1728,1733,1740,1723,1739,1714,1769,1715,1713
2494,1770,1728,1733,1740,1723,1739,1714,1769,1715,1713
2274,1819,1850,1842,1833,1834,1845,1813,1867,1848,1840
2873,1819,1850,1833,1845,1834,1820,1855,1813,1806,1867
3075,1819,1841,1845,1810,1867,1840,1848,1808,1859,1861
2544,1819,1841,1845,1810,1810,1821,1811,1867,1840,1840
2757,1770,1728,1733,1740,1723,1739,1714,1769,1715,1713
2187,1819,1850,1842,1833,1834,1845,1813,1820,1867,1855
2206,1770,1728,1733,1740,1723,1739,1714,1769,1715,1713
2736,1819,1841,1845,1810,1821,1811,1864,1859,1840,1867
2348,1770,1728,1733,1740,1723,1739,1714,1769,1715,1713
2747,1770,1728,1733,1740,1723,1739,1714,1769,1715,1713
2852,1770,1728,1733,1740,1723,1739,1714,1769,1715,1713
2623,1770,1728,1733,1740,1723,1739,1714,1769,1715,1713
2163,1770,1728,1733,1740,1723,1739,1714,1769,1715,1713
2875,1770,1728,1733,1740,1723,1739,1714,1769,1715,1713
3048,1819,1850,1842,1833,1806,1855,1856,1820,1818,1839
2260,1770,1728,1733,1740,1723,1739,1714,1769,1715,1713
3118,1770,1728,1733,1740,1723,1739,1714,1769,1715,1713
2762,1770,1728,1733,1740,1723,1739,1714,1769,1715,1713
2840,1770,1728,1733,1740,1723,1739,1714,1769,1715,1713
2168,1819,1850,1842,1856,1806,1833,1855,1820,1818,1813
2262,1819,1850,1842,1856,1806,1855,1818,1852,1833,1830
2353,1770,1728,1733,1740,1723,1739,1714,1769,1715,1713
3168,1819,1841,1845,1833,1867,1834,1848,1840,1808,1813
2907,1819,1841,1845,1833,1867,1810,1840,1859,1848,1811
2813,1819,1841,1845,1833,1867,1834,1848,1840,1810,1859
2682,1770,1728,1733,1740,1723,1739,1714,1769,1715,1713
2849,1770,1728,1733,1740,1723,1739,1714,1769,1715,1713
2550,1770,1728,1733,1740,1723,1739,1714,1769,1715,1713
2621,1770,1728,1733,1740,1723,1739,1714,1769,1715,1713
2658,1819,1841,1845,1833,1867,1834,1813,1820,1855,1806
3095,1819,1850,1833,1845,1867,1841,1810,1848,1840,1859
2280,1819,1850,1842,1833,1806,1855,1820,1834,1813,1839
3050,1770,1728,1733,1740,1723,1739,1714,1769,1715,1713
2837,1819,1850,1842,1856,1806,1855,1818,1852,1833,1830
2252,1770,1728,1733,1740,1723,1739,1714,1769,1715,1713
2155,1819,1841,1845,1833,1867,1834,1848,1813,1820,1855
3181,1819,1841,1845,1810,1867,1848,1834,1808,1840,1859
2413,1770,1728,1733,1740,1723,1739,1714,1769,1715,1713
3061,1819,1850,1833,1855,1806,1820,1834,1842,1813,1818
2648,1770,1728,1733,1740,1723,1739,1714,1769,1715,1713
2751,1770,1728,1733,1740,1723,1739,1714,1769,1715,1713
2776,1819,1841,1845,1810,1867,1848,1840,1808,1834,1813
3129,1819,1850,1842,1833,1834,1820,1813,1845,1867,1855
2147,1819,1841,1845,1833,1867,1834,1848,1840,1808,1810
2612,1819,1850,1833,1845,1834,1820,1813,1855,1806,1867
2189,1770,1728,1733,1740,1723,1739,1714,1769,1715,1713
2945,1770,1728,1733,1740,1723,1739,1714,1769,1715,1713
3147,1819,1841,1845,1833,1820,1855,1850,1834,1806,1813
2445,1819,1841,1845,1810,1821,1811,1864,1859,1840,1867
2498,1819,1841,1845,1833,1867,1834,1848,1813,1820,1855
2449,1770,1728,1733,1740,1723,1739,1714,1769,1715,1713
2802,1819,1841,1821,1810,1845,1867,1840,1811,1864,1859
2660,1770,1728,1733,1740,1723,1739,1714,1769,1715,1713
2848,1819,1841,1845,1810,1867,1848,1834,1833,1813,1808
2258,1819,1841,1845,1810,1867,1840,1848,1859,1808,1811
2705,1770,1728,1733,1740,1723,1739,1714,1769,1715,1713
2525,1770,1728,1733,1740,1723,1739,1714,1769,1715,1713
2787,1770,1728,1733,1740,1723,1739,1714,1769,1715,1713
2541,1819,1850,1833,1855,1806,1820,1834,1813,1845,1867
3079,1819,1850,1842,1856,1806,1855,1818,1852,1833,1830
2474,1819,1850,1842,1833,1834,1820,1813,1855,1806,1839
3172,1819,1850,1833,1845,1834,1867,1848,1808,1840,1813
2319,1819,1850,1833,1855,1806,1820,1834,1813,1845,1867
2559,1770,1728,1733,1740,1723,1739,1714,1769,1715,1713
3037,1770,1728,1733,1740,1723,1739,1714,1769,1715,1713
2321,1819,1850,1842,1856,1806,1855,1818,1852,1833,1830
2878,1770,1728,1733,1740,1723,1739,1714,1769,1715,1713
2622,1819,1841,1845,1810,1821,1811,1867,1864,1840,1859
2170,1819,1850,1833,1855,1834,1820,1806,1842,1813,1839
2368,1819,1841,1821,1810,1845,1811,1840,1867,1859,1848
3034,1770,1728,1733,1740,1723,1739,1714,1769,1715,1713
2956,1770,1728,1733,1740,1723,1739,1714,1769,1715,1713
2838,1770,1728,1733,1740,1723,1739,1714,1769,1715,1713
2720,1770,1728,1733,1740,1723,1739,1714,1769,1715,1713
2981,1770,1728,1733,1740,1723,1739,1714,1769,1715,1713
2690,1770,1728,1733,1740,1723,1739,1714,1769,1715,1713
2990,1819,1850,1842,1856,1806,1855,1818,1833,1820,1839
2665,1819,1850,1842,1856,1806,1833,1855,1820,1813,1834
2257,1819,1841,1845,1833,1820,1855,1850,1806,1842,1813
2647,1819,1841,1845,1833,1867,1834,1813,1820,1855,1806
2174,1819,1850,1842,1856,1806,1855,1818,1852,1833,1830
2392,1770,1728,1733,1740,1723,1739,1714,1769,1715,1713
2728,1819,1841,1845,1833,1820,1834,1867,1813,1855,1806
2323,1819,1850,1833,1855,1806,1842,1856,1820,1818,1839
2363,1770,1728,1733,1740,1723,1739,1714,1769,1715,1713
2863,1770,1728,1733,1740,1723,1739,1714,1769,1715,1713
2443,1819,1841,1845,1833,1820,1855,1850,1834,1806,1813
3164,1770,1728,1733,1740,1723,1739,1714,1769,1715,1713
2839,1819,1841,1845,1833,1867,1834,1848,1813,1820,1855
2560,1770,1728,1733,1740,1723,1739,1714,1769,1715,1713
3019,1819,1850,1833,1855,1806,1820,1834,1842,1813,1818
2947,1770,1728,1733,1740,1723,1739,1714,1769,1715,1713
2391,1819,1841,1845,1833,1867,1834,1813,1820,1808,1848
3103,1770,1728,1733,1740,1723,1739,1714,1769,1715,1713
2862,1770,1728,1733,1740,1723,1739,1714,1769,1715,1713
2160,1770,1728,1733,1740,1723,1739,1714,1769,1715,1713
2470,1819,1850,1833,1845,1834,1867,1813,1808,1820,1855
3123,1819,1850,1833,1855,1834,1820,1806,1842,1813,1839
3033,1770,1728,1733,1740,1723,1739,1714,1769,1715,1713
2799,1819,1841,1845,1833,1867,1810,1840,1859,1848,1811
2888,1770,1728,1733,1740,1723,1739,1714,1769,1715,1713
2601,1770,1728,1733,1740,1723,1739,1714,1769,1715,1713
2295,1770,1728,1733,1740,1723,1739,1714,1769,1715,1713
2742,1770,1728,1733,1740,1723,1739,1714,1769,1715,1713
2733,1770,1728,1733,1740,1723,1739,1714,1769,1715,1713
2360,1819,1850,1833,1855,1834,1820,1806,1842,1813,1839
3053,1819,1841,1845,1833,1820,1855,1834,1813,1867,1806
2909,1819,1841,1845,1810,1821,1823,1864,1811,1859,1840
2488,1819,1850,1833,1855,1834,1820,1806,1842,1813,1839
2533,1770,1728,1733,1740,1723,1739,1714,1769,1715,1713
2385,1819,1850,1842,1833,1806,1855,1856,1820,1813,1834
2630,1819,1850,1833,1845,1834,1867,1813,1808,1820,1848
3139,1770,1728,1733,1740,1723,1739,1714,1769,1715,1713
2996,1819,1850,1833,1855,1834,1820,1806,1842,1813,1839
2495,1770,1728,1733,1740,1723,1739,1714,1769,1715,1713
2304,1770,1728,1733,1740,1723,1739,1714,1769,1715,1713
2997,1819,1850,1842,1856,1806,1855,1818,1852,1857,1868
2523,1819,1850,1842,1856,1806,1852,1857,1818,1868,1830
2534,1770,1728,1733,1740,1723,1739,1714,1769,1715,1713
2598,1819,1850,1833,1855,1806,1820,1834,1842,1813,1839
2403,1819,1850,1842,1833,1834,1845,1813,1820,1867,1808
2636,1819,1850,1842,1856,1806,1855,1818,1833,1820,1839
2420,1819,1850,1833,1855,1806,1820,1834,1842,1813,1839
2272,1770,1728,1733,1740,1723,1739,1714,1769,1715,1713
2602,1770,1728,1733,1740,1723,1739,1714,1769,1715,1713
2724,1770,1728,1733,1740,1723,1739,1714,1769,1715,1713
3016,1819,1850,1842,1856,1806,1855,1818,1833,1820,1813
2266,1819,1850,1833,1855,1834,1845,1867,1813,1848,1808
2343,1770,1728,1733,1740,1723,1739,1714,1769,1715,1713
2448,1770,1728,1733,1740,1723,1739,1714,1769,1715,1713
3137,1819,1850,1833,1845,1834,1867,1813,1820,1855,1806
2402,1819,1850,1842,1856,1806,1852,1857,1868,1830,1818
2483,1819,1841,1845,1833,1867,1810,1840,1859,1848,1808
2422,1770,1728,1733,1740,1723,1739,1714,1769,1715,1713
2346,1819,1841,1845,1833,1867,1834,1813,1820,1855,1850
3099,1819,1850,1833,1855,1834,1845,1813,1820,1806,1867
2656,1819,1850,1833,1855,1834,1820,1806,1813,1839,1814
2765,1770,1728,1733,1740,1723,1739,1714,1769,1715,1713
3127,1819,1841,1845,1810,1867,1840,1848,1859,1811,1864
2975,1770,1728,1733,1740,1723,1739,1714,1769,1715,1713
2411,1770,1728,1733,1740,1723,1739,1714,1769,1715,1713
2338,1770,1728,1733,1740,1723,1739,1714,1769,1715,1713
2414,1770,1728,1733,1740,1723,1739,1714,1769,1715,1713
2440,1770,1728,1733,1740,1723,1739,1714,1769,1715,1713
3007,1770,1728,1733,1740,1723,1739,1714,1769,1715,1713
2512,1770,1728,1733,1740,1723,1739,1714,1769,1715,1713
2248,1819,1850,1842,1856,1806,1855,1818,1852,1833,1830
2350,1819,1850,1842,1833,1806,1855,1820,1834,1813,1839
2717,1770,1728,1733,1740,1723,1739,1714,1769,1715,1713
2245,1770,1728,1733,1740,1723,1739,1714,1769,1715,1713
3067,1819,1841,1845,1833,1833,1867,1834,1813,1820,1855
2460,1770,1728,1733,1740,1723,1739,1714,1769,1715,1713
2914,1819,1841,1845,1810,1867,1848,1840,1859,1811,1864
2893,1770,1728,1733,1740,1723,1739,1714,1769,1715,1713
2698,1819,1841,1821,1865,1823,1863,1844,1864,1824,1811
3183,1770,1728,1733,1740,1723,1739,1714,1769,1715,1713
2395,1770,1728,1733,1740,1723,1739,1714,1769,1715,1713
2769,1770,1728,1733,1740,1723,1739,1714,1769,1715,1713
2833,1819,1841,1821,1810,1823,1864,1811,1845,1859,1840
2404,1770,1770,1728,1733,1740,1723,1739,1714,1769,1715
2645,1770,1728,1733,1740,1723,1739,1714,1769,1715,1713
3125,1819,1841,1845,1810,1867,1840,1811,1859,1848,1808
2190,1819,1850,1833,1855,1806,1820,1834,1813,1845,1867
2904,1819,1850,1833,1845,1867,1848,1810,1808,1834,1840
3175,1819,1850,1833,1845,1834,1867,1813,1808,1848,1840
2197,1819,1841,1845,1833,1820,1855,1850,1834,1813,1806
2334,1819,1841,1845,1810,1821,1811,1867,1840,1848,1808
2951,1819,1850,1842,1856,1806,1852,1857,1868,1830,1818
3022,1819,1850,1833,1855,1834,1820,1806,1842,1813,1839
2986,1770,1728,1733,1740,1723,1739,1714,1769,1715,1713
2725,1819,1841,1845,1833,1867,1834,1813,1820,1855,1808
2428,1819,1850,1842,1842,1833,1806,1855,1856,1820,1818
3102,1770,1728,1733,1740,1723,1739,1714,1769,1715,1713
3069,1770,1728,1733,1740,1723,1739,1714,1769,1715,1713
3132,1770,1728,1733,1740,1723,1739,1714,1769,1715,1713
3030,1770,1728,1733,1740,1723,1739,1714,1769,1715,1713
2459,1819,1850,1842,1856,1806,1855,1818,1852,1833,1830
2243,1819,1841,1845,1833,1867,1834,1848,1813,1820,1855
2418,1770,1728,1733,1740,1723,1739,1714,1769,1715,1713
2221,1819,1850,1842,1856,1806,1855,1818,1833,1820,1839
2937,1819,1850,1842,1833,1834,1820,1813,1855,1845,1806
2667,1770,1728,1733,1740,1723,1739,1714,1769,1715,1713
3174,1770,1728,1733,1740,1723,1739,1714,1769,1715,1713
2714,1770,1728,1733,1740,1723,1739,1714,1769,1715,1713
2205,1819,1841,1845,1833,1820,1855,1850,1806,1842,1818
3057,1819,1850,1842,1833,1806,1855,1856,1820,1818,1839
3052,1819,1850,1842,1833,1806,1855,1856,1820,1813,1834
3062,1819,1850,1842,1856,1806,1855,1833,1820,1818,1839
2681,1770,1728,1733,1740,1723,1739,1714,1769,1715,1713
2406,1819,1841,1845,1833,1820,1855,1850,1834,1806,1813
2193,1819,1850,1842,1856,1806,1852,1857,1868,1830,1818
2234,1819,1850,1842,1833,1806,1855,1820,1834,1813,1839
2297,1770,1728,1733,1740,1723,1739,1714,1769,1715,1713
2693,1819,1841,1845,1833,1867,1834,1813,1820,1855,1806
2760,1770,1728,1733,1740,1723,1739,1714,1769,1715,1713
3084,1819,1850,1833,1855,1834,1845,1813,1820,1867,1806
2625,1819,1850,1842,1833,1806,1855,1820,1813,1834,1839
2491,1770,1728,1733,1740,1723,1739,1714,1769,1715,1713
2718,1819,1850,1833,1855,1806,1842,1820,1813,1834,1839
2499,1819,1841,1821,1810,1845,1811,1840,1864,1859,1804
2618,1819,1841,1845,1810,1821,1811,1864,1823,1859,1840
2438,1770,1728,1733,1740,1723,1739,1714,1769,1715,1713
3148,1819,1841,1845,1833,1867,1810,1848,1808,1840,1834
2514,1770,1728,1733,1740,1723,1739,1714,1769,1715,1713
2371,1819,1850,1842,1833,1806,1855,1834,1820,1813,1845
2821,1770,1728,1733,1740,1723,1739,1714,1769,1715,1713
3121,1770,1728,1733,1740,1723,1739,1714,1769,1715,1713
2979,1819,1850,1833,1845,1834,1867,1813,1820,1855,1806
2775,1819,1841,1845,1833,1867,1810,1848,1808,1834,1813
2382,1819,1841,1845,1833,1867,1810,1848,1808,1834,1813
2481,1770,1728,1733,1740,1723,1739,1714,1769,1715,1713
2554,1819,1850,1842,1833,1834,1845,1867,1810,1848,1808
2517,1819,1850,1833,1855,1806,1820,1834,1842,1813,1839
3071,1770,1728,1733,1740,1723,1739,1714,1769,1715,1713
3083,1819,1841,1845,1833,1820,1834,1867,1813,1808,1848
3002,1770,1728,1733,1740,1723,1739,1714,1769,1715,1713
2999,1819,1850,1842,1833,1806,1855,1856,1820,1813,1834
3166,1770,1728,1733,1740,1723,1739,1714,1769,1715,1713
2167,1770,1728,1733,1740,1723,1739,1714,1769,1715,1713
3015,1770,1728,1733,1740,1723,1739,1714,1769,1715,1713
2574,1819,1850,1833,1845,1834,1867,1813,1820,1855,1808
2892,1770,1728,1733,1740,1723,1739,1714,1769,1715,1713
2639,1819,1850,1833,1845,1867,1841,1810,1840,1859,1848
2783,1819,1841,1845,1810,1867,1848,1834,1808,1813,1840
2212,1819,1841,1845,1833,1867,1810,1848,1808,1840,1834
